android_cpu,android_mem
16.724033063810317,26911.023887295218
