android_cpu,android_mem
19.889891095143103,22159.75261182384
