android_cpu,android_mem
17.099557600714302,15397.842793786447
