android_cpu,android_mem
17.014441483330625,24115.445582627828
