android_cpu,android_mem
18.8254047792178,22971.116965328787
