android_cpu,android_mem
20.13582516593742,21003.70781591703
