android_cpu,android_mem
17.85693401475753,23596.52334156594
