android_cpu,android_mem
19.39480177567924,17808.741536528945
