android_cpu,android_mem
17.908828289676315,16126.316804558763
