android_cpu,android_mem
16.711525966271758,28147.576772426768
