android_cpu,android_mem
20.317136069993772,21395.787503976444
