android_cpu,android_mem
20.29072849760909,19627.082385626454
